<?xml version="1.0" encoding="ISO-8859-1"?>
<!DOCTYPE metadata SYSTEM "http://www.fgdc.gov/metadata/fgdc-std-001-1998.dtd">
<metadata>
	<idinfo>
		<citation>
			<citeinfo>
				<origin>NYC Department of City Planning</origin>
				<pubdate>Nov, 2011</pubdate>
				<title Sync="TRUE">BX_Dcp_Mappinglot</title>
				<edition>11V2</edition>
				<geoform Sync="TRUE">vector digital data</geoform>
				<serinfo>
					<sername>BYTES of the BIG APPLE</sername>
					<issue>11V2</issue>
				</serinfo>
				<ftname Sync="TRUE">BX_Dcp_Mappinglot</ftname>
				<pubinfo>
					<publish>NYC Department of City Planning</publish>
				</pubinfo>
				<onlink Sync="FALSE">http://nyc.gov/html/dcp/html/bytes/applbyte.shtml</onlink></citeinfo>
		</citation>
		<descript>
			<abstract>DCP Mapping Lots includes features that are not on the Tax Map. They have been added and maintained by DCP for cartographic purpose. There are three kinds of  Mapping Lots: street center 'malls' which are small road-divider type blocks separating lanes of traffic on certain streets; Traffic islands which are small traffic lane separators or pedestrian rest stop blocks other than malls (usually at intersections);  streets through parks which are streets existing physically in parks but are not part of the Tax Map.</abstract>
			<purpose>The Dcp Mappping Lots are created by DCP for cartographic purpose.</purpose>
			<langdata Sync="TRUE">en</langdata></descript>
		<timeperd>
			<timeinfo>
				<sngdate>
					<caldate>Digital Tax Map Data - 9/02/2011</caldate>
				</sngdate>
			</timeinfo>
		</timeperd>
		<status>
			<progress>Complete.</progress>
			<update> Semiannually.</update>
		</status>
		<spdom>
			<bounding>
				<westbc Sync="TRUE">-73.925661</westbc>
				<eastbc Sync="TRUE">-73.802699</eastbc>
				<northbc Sync="TRUE">40.901679</northbc>
				<southbc Sync="TRUE">40.810177</southbc>
			</bounding>
			<lboundng><leftbc Sync="TRUE">1004828.770000</leftbc><rightbc Sync="TRUE">1038792.300000</rightbc><bottombc Sync="TRUE">234507.600000</bottombc><topbc Sync="TRUE">267792.840100</topbc></lboundng></spdom>
		<keywords>
			<theme>
				<themekt> None </themekt>
				<themekey>Parcels, Tax Lots, Tax Map</themekey>
			</theme>
		</keywords>
		<accconst>BYTES of the BIG APPLE (TM) DCP Mapping Lots files come with the MapPLUTO product which is a licensed product of the NYC Department of City Planning and may only be used through a license granted by the Department. This product is licensed under terms and conditions of a separate "License Agreement" with City Planning that contains, among other things, provisions with respect to ownership, permitted and prohibited uses, third-party agreements, warranty and termination. Refer to the License Agreement for the full text of obligations and rights with respect to the use of this product.</accconst>
		<useconst>The information contained in these files was initially compiled for governmental use by the New York City Department of City Planning. The Department and City make no representation as to the accuracy of the information or its suitability for any purpose. The Department and City disclaim any liability for errors that may be contained herein and shall not be responsible for any damages, consequential or actual, arising out of or in connection with the use of the information </useconst>
		<ptcontac>
			<cntinfo>
				<cntperp>
					<cntorg>NYC Department of City Planning</cntorg>
				</cntperp>
				<cntpos>BYTES of the BIG APPLE Coordinator</cntpos>
				<cntaddr>
					<addrtype>mailing and physical address</addrtype>
					<address>22 Reade St, 5N</address>
					<city>New York</city>
					<state>New York</state>
					<postal>10007</postal>
				</cntaddr>
				<cntvoice>212.720.3505</cntvoice>
			</cntinfo>
		</ptcontac>
		<natvform Sync="TRUE">Shapefile</natvform><native Sync="TRUE">Microsoft Windows XP Version 5.1 (Build 2600) Service Pack 3; ESRI ArcCatalog 9.3.1.4000</native></idinfo>
	<spdoinfo>
		<direct Sync="TRUE">Vector</direct>
		<ptvctinf>
			<esriterm Name="BX_Dcp_Mappinglot"><efeatyp Sync="TRUE">Simple</efeatyp><efeageom Sync="TRUE">Polygon</efeageom><esritopo Sync="TRUE">FALSE</esritopo><efeacnt Sync="TRUE">52</efeacnt><spindex Sync="TRUE">TRUE</spindex><linrefer Sync="TRUE">FALSE</linrefer></esriterm><sdtsterm Name="BX_Dcp_Mappinglot"><sdtstype Sync="TRUE">G-polygon</sdtstype><ptvctcnt Sync="TRUE">52</ptvctcnt></sdtsterm></ptvctinf>
	</spdoinfo>
	<spref>
		<horizsys>
			<planar>
				<planci>
					<plance Sync="TRUE">coordinate pair</plance>
					<coordrep>
						<absres Sync="TRUE">0.000000</absres>
						<ordres Sync="TRUE">0.000000</ordres>
					</coordrep>
					<plandu Sync="TRUE">survey feet</plandu>
				</planci>
				<mapproj><mapprojn Sync="TRUE">Lambert Conformal Conic</mapprojn><lambertc><stdparll Sync="TRUE">40.666667</stdparll><stdparll Sync="TRUE">41.033333</stdparll><longcm Sync="TRUE">-74.000000</longcm><latprjo Sync="TRUE">40.166667</latprjo><feast Sync="TRUE">984250.000000</feast><fnorth Sync="TRUE">0.000000</fnorth></lambertc></mapproj></planar>
			<geodetic>
				<horizdn Sync="TRUE">North American Datum of 1983</horizdn>
				<ellips Sync="TRUE">Geodetic Reference System 80</ellips>
				<semiaxis Sync="TRUE">6378137.000000</semiaxis>
				<denflat Sync="TRUE">298.257222</denflat>
			</geodetic>
			<cordsysn><geogcsn Sync="TRUE">GCS_North_American_1983</geogcsn><projcsn Sync="TRUE">NAD_1983_StatePlane_New_York_Long_Island_FIPS_3104_Feet</projcsn></cordsysn></horizsys>
		<vertdef>
			<altsys>
				<altres>0.000003</altres>
				<altenc>Explicit elevation coordinate included with horizontal coordinates</altenc>
			</altsys>
		</vertdef>
	</spref>
	<eainfo>
		<detailed Name="BX_Dcp_Mappinglot">
			<enttyp>
				<enttypt Sync="TRUE">Feature Class</enttypt><enttypc Sync="TRUE">52</enttypc><enttypl Sync="TRUE">BX_Dcp_Mappinglot</enttypl></enttyp>
			<attr><attrlabl Sync="TRUE">BORO</attrlabl><attalias Sync="TRUE">BORO</attalias><attrtype Sync="TRUE">String</attrtype><attwidth Sync="TRUE">1</attwidth></attr><attr><attrlabl Sync="TRUE">SHAPE_Area</attrlabl><attalias Sync="TRUE">SHAPE_Area</attalias><attrtype Sync="TRUE">Float</attrtype><attwidth Sync="TRUE">19</attwidth><attrdef Sync="TRUE">Area of feature in internal units squared.</attrdef><attrdefs Sync="TRUE">ESRI</attrdefs><attrdomv><udom Sync="TRUE">Positive real numbers that are automatically generated.</udom></attrdomv><atnumdec Sync="TRUE">11</atnumdec></attr><attr><attrlabl Sync="TRUE">FID</attrlabl><attalias Sync="TRUE">FID</attalias><attrtype Sync="TRUE">OID</attrtype><attwidth Sync="TRUE">4</attwidth><attrdef Sync="TRUE">Internal feature number.</attrdef><attrdefs Sync="TRUE">ESRI</attrdefs><attrdomv><udom Sync="TRUE">Sequential unique whole numbers that are automatically generated.</udom></attrdomv><atprecis Sync="TRUE">0</atprecis><attscale Sync="TRUE">0</attscale></attr><attr><attrlabl Sync="TRUE">BLOCK</attrlabl><attalias Sync="TRUE">BLOCK</attalias><attrtype Sync="TRUE">Number</attrtype><attwidth Sync="TRUE">9</attwidth></attr><attr><attrlabl Sync="TRUE">Shape</attrlabl><attalias Sync="TRUE">Shape</attalias><attrtype Sync="TRUE">Geometry</attrtype><attwidth Sync="TRUE">0</attwidth><attrdef Sync="TRUE">Feature geometry.</attrdef><attrdefs Sync="TRUE">ESRI</attrdefs><attrdomv><udom Sync="TRUE">Coordinates defining the features.</udom></attrdomv><atprecis Sync="TRUE">0</atprecis><attscale Sync="TRUE">0</attscale></attr><attr><attrlabl Sync="TRUE">LOT</attrlabl><attalias Sync="TRUE">LOT</attalias><attrtype Sync="TRUE">Number</attrtype><attwidth Sync="TRUE">4</attwidth></attr>
			<attr><attrlabl Sync="FALSE">CREATED_BY</attrlabl><attalias Sync="TRUE">CREATED_BY</attalias><attrtype Sync="TRUE">String</attrtype><attwidth Sync="TRUE">50</attwidth></attr>
			<attr><attrlabl Sync="FALSE">CREATED_DA</attrlabl><attalias Sync="TRUE">CREATED_DA</attalias><attrtype Sync="TRUE">Date</attrtype><attwidth Sync="TRUE">8</attwidth></attr>
			<attr><attrlabl Sync="FALSE">LAST_MODIF</attrlabl><attalias Sync="TRUE">LAST_MODIF</attalias><attrtype Sync="TRUE">String</attrtype><attwidth Sync="TRUE">50</attwidth></attr>
			<attr><attrlabl Sync="FALSE">LAST_MOD_1</attrlabl><attalias Sync="TRUE">LAST_MOD_1</attalias><attrtype Sync="TRUE">Date</attrtype><attwidth Sync="TRUE">8</attwidth></attr>
			<attr><attrlabl Sync="TRUE">SHAPE_Leng</attrlabl><attalias Sync="TRUE">SHAPE_Leng</attalias><attrtype Sync="TRUE">Float</attrtype><attwidth Sync="TRUE">19</attwidth><atnumdec Sync="TRUE">11</atnumdec></attr>
		</detailed>
	</eainfo>
	<distinfo>
		<resdesc>Downloadable Data</resdesc>
		<stdorder><digform><digtinfo><transize Sync="TRUE">0.021</transize><dssize Sync="TRUE">0.021</dssize></digtinfo></digform></stdorder></distinfo>
	<metainfo>
		<metd Sync="TRUE">20111107</metd>
		<metc>
			<cntinfo>
				<cntperp>
					<cntorg>NYC Department of City Planning</cntorg>
				</cntperp>
				<cntpos>BYTES of the BIG APPLE Coordinator</cntpos>
				<cntaddr>
					<addrtype>mailing and physical address</addrtype>
					<address>22 Reade St, 5N</address>
					<city>New York</city>
					<state>New York</state>
					<postal>10007</postal>
				</cntaddr>
				<cntvoice>212.720.3505</cntvoice>
			</cntinfo>
		</metc>
		<metstdn Sync="TRUE">FGDC Content Standards for Digital Geospatial Metadata</metstdn>
		<metstdv Sync="TRUE">FGDC-STD-001-1998</metstdv>
		<mettc Sync="TRUE">local time</mettc>
		<metextns>
			<onlink>http://www.esri.com/metadata/esriprof80.html</onlink>
			<metprof>ESRI Metadata Profile</metprof>
		</metextns>
		<langmeta Sync="TRUE">en</langmeta><metextns><onlink Sync="TRUE">http://www.esri.com/metadata/esriprof80.html</onlink><metprof Sync="TRUE">ESRI Metadata Profile</metprof></metextns></metainfo>
	<Esri><CreaDate>20111102</CreaDate><CreaTime>16011300</CreaTime><SyncOnce>FALSE</SyncOnce><SyncDate>20111107</SyncDate><SyncTime>09352100</SyncTime><ModDate>20111107</ModDate><ModTime>09352100</ModTime><DataProperties><lineage>
			</lineage></DataProperties><MetaID>{3CA9F471-0F99-4556-A9A3-7DE8E3336A3E}</MetaID></Esri>
	<dataqual>
		<attracc>
			<attraccr>The Department of City Planning makes no assurances about the accuracy of these data.</attraccr>
		</attracc>
		<lineage><procstep><procdesc Sync="TRUE">Metadata imported.</procdesc><srcused Sync="TRUE">C:\temp\11v2\MapPLUTO\Metadata\Meta_Mappinglot_shape\Dcp_Mappinglot.shp.xml</srcused><procdate Sync="TRUE">20111101</procdate><proctime Sync="TRUE">14495800</proctime></procstep><procstep><procdesc Sync="TRUE">Dataset copied.</procdesc><srcused Sync="TRUE">C:\temp\11V2(backup)\MapPLUTO\cds\Bronx\BX_Dcp_Mappinglot</srcused><procdate Sync="TRUE">20111102</procdate><proctime Sync="TRUE">16011300</proctime></procstep></lineage></dataqual>
	<dataIdInfo><envirDesc Sync="TRUE">Microsoft Windows XP Version 5.1 (Build 2600) Service Pack 3; ESRI ArcCatalog 9.3.1.4000</envirDesc><dataLang><languageCode Sync="TRUE" value="en"></languageCode></dataLang><idCitation><resTitle Sync="TRUE">BX_Dcp_Mappinglot</resTitle><presForm><PresFormCd Sync="TRUE" value="005"></PresFormCd></presForm></idCitation><dataExt><geoEle><GeoBndBox esriExtentType="native"><westBL Sync="TRUE">1004828.77</westBL><eastBL Sync="TRUE">1038792.3</eastBL><northBL Sync="TRUE">267792.8401</northBL><southBL Sync="TRUE">234507.6</southBL><exTypeCode Sync="TRUE">1</exTypeCode></GeoBndBox></geoEle></dataExt><geoBox esriExtentType="decdegrees"><westBL Sync="TRUE">-73.925661</westBL><eastBL Sync="TRUE">-73.802699</eastBL><northBL Sync="TRUE">40.901679</northBL><southBL Sync="TRUE">40.810177</southBL><exTypeCode Sync="TRUE">1</exTypeCode></geoBox><spatRpType><SpatRepTypCd Sync="TRUE" value="001"></SpatRepTypCd></spatRpType></dataIdInfo><mdLang><languageCode Sync="TRUE" value="en"></languageCode></mdLang><mdStanName Sync="TRUE">ISO 19115 Geographic Information - Metadata</mdStanName><mdStanVer Sync="TRUE">DIS_ESRI1.0</mdStanVer><mdChar><CharSetCd Sync="TRUE" value="004"></CharSetCd></mdChar><mdHrLv><ScopeCd Sync="TRUE" value="005"></ScopeCd></mdHrLv><mdHrLvName Sync="TRUE">dataset</mdHrLvName><distInfo><distributor><distorTran><onLineSrc><orDesc Sync="TRUE">002</orDesc><linkage Sync="TRUE">file://\\DCP-DELL-1110\C$\temp\11V2\MapPLUTO\cds\Bronx\BX_Dcp_Mappinglot.shp</linkage><protocol Sync="TRUE">Local Area Network</protocol></onLineSrc><transSize Sync="TRUE">0.021</transSize></distorTran><distorFormat><formatName Sync="TRUE">Shapefile</formatName></distorFormat></distributor></distInfo><refSysInfo><RefSystem><refSysID><identCode Sync="TRUE">NAD_1983_StatePlane_New_York_Long_Island_FIPS_3104_Feet</identCode></refSysID></RefSystem></refSysInfo><spatRepInfo><VectSpatRep><topLvl><TopoLevCd Sync="TRUE" value="001"></TopoLevCd></topLvl><geometObjs Name="BX_Dcp_Mappinglot"><geoObjTyp><GeoObjTypCd Sync="TRUE" value="001"></GeoObjTypCd></geoObjTyp><geoObjCnt Sync="TRUE">52</geoObjCnt></geometObjs></VectSpatRep></spatRepInfo><mdDateSt Sync="TRUE">20111107</mdDateSt></metadata>
